timestamp,random_id
1649785352762381,1724389159
1649785352762831,1055949134
1649785352763152,3497740316
1649785352763518,1516923129
1649785352763920,2424352954
1649785352764250,2552865274
1649785352764724,42061725
1649785352765058,2682054133
1649785352765397,2992001497
1649785352765771,2506169535
1649785352766103,2347073825
1649785352766457,4287003145
1649785352766799,2924227241
1649785352767124,3710766565
1649785352767472,25234325
1649785352767861,3035441895
1649785352768243,180399199
1649785352768590,559561456
1649785352768907,132460112
1649785352769227,1438133129
1649785352769743,2106274190
1649785352770046,769051846
1649785352770377,1745026214
1649785352770713,3722369508
1649785352770993,288797320
1649785352771293,845964873
1649785352771599,1217923792
1649785352772018,2244628907
1649785352772294,1204565272
1649785352772681,3634624988
1649785352773071,953860834
1649785352773377,3730841404
1649785352773692,2033368535
1649785352774022,4275576010
1649785352774343,1558294040
1649785352774710,2617925677
1649785352774993,1160192368
1649785352775309,1249792447
1649785352775715,1392659774
1649785352776003,4192670627
1649785352776296,2913865708
1649785352776623,134342481
1649785352776946,4135122040
1649785352777284,3613525233
1649785352777601,1014029376
1649785352777919,3489332947
1649785352778244,1923330104
1649785352778561,3797165826
1649785352778902,1308263449
1649785352779225,2135027027
1649785352779549,3799348988
1649785352779921,1787136169
1649785352780313,3010140505
1649785352780686,3229955803
1649785352781032,2332907583
1649785352781384,193127669
1649785352781769,567957246
1649785352782120,2745064789
1649785352782490,311046585
1649785352782842,1761917675
1649785352783146,2545875023
1649785352783480,254933843
1649785352784023,2048408259
1649785352784444,489657415
1649785352784791,2375738952
1649785352785106,2441751330
1649785352785415,3010412297
1649785352785720,613503833
1649785352786013,3299339785
1649785352786300,4037906554
1649785352786659,1851121881
1649785352787175,4190676586
1649785352787747,2910642083
1649785352788141,1018011969
1649785352788526,3209533013
1649785352788883,767376659
1649785352789337,2765217478
1649785352789803,2812513097
1649785352790193,3076058652
1649785352790607,487373882
1649785352790985,3963894809
1649785352791317,4245393802
1649785352791652,2055675142
1649785352792030,2870381350
1649785352792435,2183948139
1649785352792759,3204240016
1649785352793083,396448501
1649785352793423,796603287
1649785352793783,2522118347
1649785352794088,2289594309
1649785352794386,249676452
1649785352794679,1085029261
1649785352795000,620971219
1649785352795293,3836241625
1649785352795618,1333994981
1649785352796046,1291187989
1649785352796368,1128288469
1649785352796691,3573861876
1649785352797090,390349141
1649785352797521,4012360942
